model,der_lenient,der_lenient_std,der_strict,jer,spk_acc,avg_time_sec
pyannote 3.1 (auto),7.178931623931623,9.661668795712847,12.75380341880342,12.859871794871795,68.37606837606837,0.7611965811965812
pyannote 3.1 (fixed N),5.950641025641026,10.277696173905724,11.529700854700856,11.041880341880344,99.57264957264957,0.5185470085470085
CAM++,8.453076923076923,8.728506104602996,19.80115384615385,12.023504273504274,88.88888888888889,2.425555555555556
