{
  "zh-TW-YunJheNeural": 0.46153846153846156,
  "zh-TW-HsiaoYuNeural": 0.42424242424242425,
  "zh-TW-HsiaoChenNeural": 0.6666666666666666,
  "tai_female_1": 0.6666666666666666,
  "tai_male_1": 0.3333333333333333
}